<?xml version="1.0" encoding="UTF-8"?>
<beans:beans xmlns="http://www.springframework.org/schema/mvc"
	xmlns:xsi="http://www.w3.org/2001/XMLSchema-instance"
	xmlns:beans="http://www.springframework.org/schema/beans"
	xmlns:context="http://www.springframework.org/schema/context"
	xsi:schemaLocation="http://www.springframework.org/schema/mvc https://www.springframework.org/schema/mvc/spring-mvc.xsd
		http://www.springframework.org/schema/beans https://www.springframework.org/schema/beans/spring-beans.xsd
		http://www.springframework.org/schema/context https://www.springframework.org/schema/context/spring-context.xsd">

	<!-- DispatcherServlet Context: defines this servlet's request-processing infrastructure -->
	
	<!-- Enables the Spring MVC @Controller programming model -->
	<annotation-driven />

	<!-- Handles HTTP GET requests for /resources/** by efficiently serving up static resources in the ${webappRoot}/resources directory -->
	<resources mapping="/resources/**" location="/resources/" />

	<!-- Resolves views selected for rendering by @Controllers to .jsp resources in the /WEB-INF/views directory -->
	<beans:bean class="org.springframework.web.servlet.view.InternalResourceViewResolver">
		<beans:property name="prefix" value="/WEB-INF/views/" />
		<beans:property name="suffix" value=".jsp" />
	</beans:bean>
	
	<context:component-scan base-package="kr.gobong.*" />
	
	<!-- 프로퍼티스 설정 - Bean정의 -->
	<beans:bean class="org.springframework.beans.factory.config.PropertyPlaceholderConfigurer">
		<beans:property name="locations">
			<beans:list>
				<beans:value>/WEB-INF/properties/db.properties</beans:value>
			</beans:list>
		</beans:property>
	</beans:bean>
	<!-- BasicDataSource 데이터 베이스 접속정보 관리하는 Bean -->
	<beans:bean class="org.apache.commons.dbcp2.BasicDataSource" id="basic_data_source">
		<beans:property name="driverClassName" value="${db.classname}"/>
		<beans:property name="url" value="${db.url}"/>
		<beans:property name="username" value="${db.username}"/>
		<beans:property name="password" value="${db.password}"/>
	</beans:bean>
	
	<!-- sql쿼리문과 DB접속 정보를 관리하는 Bean -->
	<beans:bean class="org.mybatis.spring.SqlSessionFactoryBean" id="sqlSession">
		<beans:property name="dataSource" ref="basic_data_source"/>
		<beans:property name="mapperLocations" value="/WEB-INF/mapper/*.xml"/>
	</beans:bean>
	<!-- 쿼리문 실행을 위한 Bean -->
	<beans:bean class="org.mybatis.spring.SqlSessionTemplate" id="sqlSessionTemplate">
		<beans:constructor-arg index="0" ref="sqlSession"/>
	</beans:bean>
	
	<!-- 김우주0718 -->
		<!-- 발리데이션 메세지 작성한 프로퍼티스 등록 -->
		<beans:bean id="messageSource" class="org.springframework.context.support.ReloadableResourceBundleMessageSource">
			<beans:property name="basenames">
				<beans:list>
					<beans:value>/WEB-INF/properties/validate</beans:value>
				</beans:list>
			</beans:property>
		</beans:bean>
		<!-- 메세지소스에 접근하는 접근자 등록 -->
		<beans:bean class="org.springframework.context.support.MessageSourceAccessor">
			<beans:constructor-arg ref="messageSource"/>
		</beans:bean>
		<!-- 파일업로드를 위한 멀티파트 리졸버등록 -->
		<beans:bean id="multipartResolver" class="org.springframework.web.multipart.support.StandardServletMultipartResolver" />
	<!-- //김우주0718 -->
	
</beans:beans>
